{
    "Bob's Apple Farm" : [43.101722, -79.891064],
    "Jim's Wheat Farm" : [43.097242, -79.881893],
    "Albert's Corn Farm" : [43.107322, -79.881788],
    "Maria's Grape Farm" : [43.115942, -79.861338],
    "Jane's Watermelon Farm" : [43.134864, -79.795614],
    "Steve's Orange Farm" : [43.077041, -79.857213],
    "Juan's Pumpkin Farm" : [43.102207, -79.818023],
    "May's Squash Farm" : [43.154918, -79.863122],
    "Ray's Pear Farm" : [43.145111, -79.829832]
}