{
    "point0" : [43.116823, -79.914244],
    "point1" : [43.101722, -79.891064],
    "point2" : [43.097242, -79.881893],
    "point3" : [43.107322, -79.881788],
    "point4" : [43.115942, -79.861338],
    "point5" : [43.134864, -79.795614],
    "point6" : [43.077041, -79.857213],
    "point7" : [43.102207, -79.818023],
    "point8" : [43.154918, -79.863122],
    "point9" : [43.145111, -79.829832]
}